"Lapinus, Rockwool B.V.","Superlite Jointing Pvt Ltd","Corina Hendriks"," HP 300 ",2600,,2020/09/02,2020/08/13,2020/09/02,,PO/00394/20-21,0/49400,
"Lapinus, Rockwool B.V.","Roulunds Braking India Pvt. Ltd.","Corina Hendriks"," RB 250  RB 215 ELS ",212503000,,2020/09/10,2020/08/12,2020/09/10,7588718,52000281505200028153,0/52227,
"Lapinus, Rockwool B.V.","Brakes India","Corina Hendriks"," RB 250 ",2500,,2020/09/07,2020/08/11,2020/09/07,,5700002881,0/4940.25,
"Lapinus, Rockwool B.V.","Allied JB Friction Pvt. Ltd.","Corina Hendriks"," RB 250  RB 240  RB 220 ELS ",62520002000,,2020/09/03,2020/08/10,2020/09/03,,AJFPO-20-000738AJFPO-20-000738AJFPO-20-000738,0/13563.75,
"Lapinus, Rockwool B.V.","Rane Brake Lining Ltd","Corina Hendriks"," RB 250 ",3000,,2020/09/02,2020/08/10,2020/09/02,,NA,0/6060,
"Lapinus, Rockwool B.V.","Mat Brakes India Pvt. Ltd.","Corina Hendriks"," RB 215 ",500,,2020/08/20,2020/08/06,2020/08/20,,5200028107,0/1320.5,
"Sterling Fibers","Roulunds Braking India Pvt. Ltd.",," CFF V110-1 ",2833,,2020/08/20,2020/08/06,2020/10/22,,"5200027937, 5200028123",37480.59/0,
"Procotex Corporation SA","Roulunds Braking India Pvt. Ltd.",," AR 7302 ",480,,2020/08/17,2020/08/06,2020/10/19,,"5200027978, 8122",0/6600,
"Procotex Corporation SA","Mat Brakes India Pvt. Ltd.",," AR 7302 ",240,,2020/08/25,2020/08/06,2020/10/20,,5200028095,0/3300,
"Lapinus, Rockwool B.V.","Roulunds Braking India Pvt. Ltd.","Corina Hendriks"," RB 250  RB 215 ELS ",212503000,,2020/08/28,2020/07/27,2020/08/28,,"5200028064 5200028064 ",0/52227,
"Sterling Fibers","Rane Brake Lining Ltd",," CFF V110-1 ",1062,,2020/08/11,2020/07/26,2020/09/24,,NA,14039.64/0,
"Lapinus, Rockwool B.V.","Superlite Jointing Pvt Ltd","Corina Hendriks"," RS 480  LFC 301 ",45006875,,2020/08/11,2020/07/26,2020/08/11,,PO/00316/20-21PO/00316/20-21,0/14753.75,
"Lapinus, Rockwool B.V.","Brakes India","Corina Hendriks"," RB 250 ",1250,,2020/08/05,2020/07/23,2020/08/05,,5700002881,0/2470.13,
"Lapinus, Rockwool B.V.","Danblock Brakes India Pvt. Ltd.","Corina Hendriks"," LFC 301 ",25000,,2020/08/12,2020/07/16,2020/08/12,,5200027958,0/17050,
"Sterling Fibers","Brake Parts India",," CFF V110-1 ",2833,,2020/07/28,2020/07/07,2020/10/07,,"60220041041, 42",34364.29/0,
"Sterling Fibers","Brake Parts India",," CFF V125-1 ",1306,,2020/08/04,2020/06/22,2020/10/29,,60220040805,15841.78/0,
"Lapinus, Rockwool B.V.","Brake Parts India","Corina Hendriks"," Promaxon D ",2100,,2020/08/05,2020/06/22,2020/08/05,,60220040804,0/9303,
"Lapinus, Rockwool B.V.","Roulunds Braking India Pvt. Ltd.","Corina Hendriks"," RB 250  RB 215 ELS  RB 215 ",2000030001000,,2020/07/03,2020/06/11,2020/07/03,,520002781352000275635200027448,0/52422,
"Lapinus, Rockwool B.V.","Brake Parts India","Corina Hendriks"," Promaxon D ",2100,,2020/07/14,2020/06/06,2020/07/14,,60220040440,0/9303,
"Lapinus, Rockwool B.V.","Mat Brakes India Pvt. Ltd.","Corina Hendriks"," Promaxon D ",8400,,2020/06/17,2020/06/03,2020/06/17,,5200027788,0/34524,
"Lapinus, Rockwool B.V.","Asian Paints PPG Pvt Ltd.","Corina Hendriks"," CF 30 ",720,,2020/05/13,2020/05/05,2020/06/17,,18007012,0/1735.2,
"Sterling Fibers","Roulunds Braking India Pvt. Ltd.",," CFF V110-1 ",2833,,2020/05/12,2020/05/05,2020/07/15,,5200027574,37480.59/0,
"Lapinus, Rockwool B.V.","Danblock Brakes India Pvt. Ltd.","Corina Hendriks"," LFC 301 ",25000,,2020/04/27,2020/04/06,2020/04/27,7346567,5200027650,0/17050,
"Lapinus, Rockwool B.V.","Danblock Brakes India Pvt. Ltd.","Corina Hendriks"," Promaxon D ",8400,,2020/04/23,2020/03/30,2020/04/23,7332692,5200027604,0/34524,
"Lapinus, Rockwool B.V.","Roulunds Braking India Pvt. Ltd.","Corina Hendriks"," RB 215 ",1000,,2020/04/08,2020/03/20,2020/04/08,,5200027448,0/2640,
"Sterling Fibers","Mat Brakes India Pvt. Ltd.",," CFF V110-1 ",1240,,2020/04/02,2020/03/20,2020/06/03,,"5200027546 ",16405.2/0,
"Lapinus, Rockwool B.V.","Danblock Brakes India Pvt. Ltd.","Corina Hendriks"," Promaxon D ",7140,,2020/03/26,2020/03/17,2020/03/26,7293388,5200027371,0/29345.4,
"Lapinus, Rockwool B.V.","Danblock Brakes India Pvt. Ltd.","Corina Hendriks"," RB 250 ",25000,,2020/04/15,2020/03/17,2020/04/15,7305161,5200027474,0/48900,
"Lapinus, Rockwool B.V.","Danblock Brakes India Pvt. Ltd.","Corina Hendriks"," LFC 301 ",25000,,2020/04/08,2020/03/17,2020/04/08,7307761,5200027458,0/17050,
"Lapinus, Rockwool B.V.","Danblock Brakes India Pvt. Ltd.","Corina Hendriks"," Promaxon D ",630,,2020/04/06,2020/03/17,2020/04/06,7307829,5200027489,0/2589.3,
"Lapinus, Rockwool B.V.","Danblock Brakes India Pvt. Ltd.","Corina Hendriks"," RB 250  Promaxon D ",62505250,,2020/04/27,2020/03/17,2020/04/27,7326686,52000274845200027650,0/33802.5,
"Sterling Fibers","Brake Parts India",," CFF V125-1 ",1306,,2020/04/27,2020/03/16,2020/07/15,30355,60220039998,15841.78/0,
"Lapinus, Rockwool B.V.","JSP Automotive Pvt. Ltd.","Corina Hendriks"," RBC 100 ",625,,2020/03/30,2020/03/16,2020/03/30,,NA,0/0,
"Lapinus, Rockwool B.V.","Superlite Jointing Pvt Ltd","Corina Hendriks"," LFC 301 ",12500,,2020/04/06,2020/03/14,2020/04/06,,PO/01866/19-20,0/10625,
"Lapinus, Rockwool B.V.","Allied Nippon Ltd","Corina Hendriks"," RB 250 ",2500,,2020/04/06,2020/03/14,2020/04/23,7304927,NA,0/4950,
"Lapinus, Rockwool B.V.","Allied Nippon Ltd","Corina Hendriks"," RB 250 ",1875,,2020/04/16,2020/03/14,2020/05/20,7304888,NA,0/3712.5,
"Lapinus, Rockwool B.V.","Danblock Brakes India Pvt. Ltd.","Corina Hendriks"," RB 250 ",25000,,2020/04/08,2020/03/13,2020/04/08,7305155,5200027474,0/48900,
"Lapinus, Rockwool B.V.","Roulunds Braking India Pvt. Ltd.","Corina Hendriks"," RB 250  RB 215 ELS ",212503000,,2020/04/03,2020/03/13,2020/04/03,7304997,NA5200027389,0/52227,
"Lapinus, Rockwool B.V.","Brake Parts India","Corina Hendriks"," Promaxon D ",2100,,2020/04/06,2020/03/13,2020/04/06,,60220039945,0/9303,
"Lapinus, Rockwool B.V.","Superlite Jointing Pvt Ltd","Corina Hendriks"," HP 300 ",2600,163617153,2020/03/31,2020/03/12,2020/03/31,7301300,PO/01822/19-20,0/49400,
"Procotex Corporation SA","Banco Products (India) Limited",," AR 7318 ",2640,,2020/06/03,2020/03/12,2020/06/04,,1130015393,0/40920,
"Procotex Corporation SA","Banco Products (India) Limited",," AR 7318 ",2640,,2020/05/04,2020/03/12,2020/05/04,,1130015392,0/40920,
"Lapinus, Rockwool B.V.","Rane Brake Lining Ltd","Corina Hendriks"," RB 250  RBC 300  Promaxon D ",312512501050,163618324,2020/03/30,2020/03/11,2020/03/30,7298975,NANANA,0/11197,
"Lapinus, Rockwool B.V.","Brakes India","Corina Hendriks"," RB 250 ",3750,,2020/05/05,2020/03/11,2020/05/05,,5700002881,0/7410.38,
"Lapinus, Rockwool B.V.","Danblock Brakes India Pvt. Ltd.","Corina Hendriks"," Promaxon D ",1260,,2020/03/20,2020/03/09,2020/03/20,7305028,5200027371,0/5178.6,
"Lapinus, Rockwool B.V.","Sundaram Brake Lining Ltd","Corina Hendriks"," RB 250  RB 220 ",137508400,,2020/03/25,2020/03/02,2020/03/25,,,0/44473.15,
"Lapinus, Rockwool B.V.","Mat Brakes India Pvt. Ltd.","Corina Hendriks"," RBC 100  Promaxon D ",12501260,,2020/03/05,2020/02/27,2020/03/05,,52000272825200027281,0/6911.1,
"Sterling Fibers","Mat Brakes India Pvt. Ltd.",," CFF V110-1 ",1240,,2020/03/05,2020/02/27,2020/05/11,,5200027284,16405.2/0,
"Sterling Fibers","Brake Parts India",," CFF V110-1 ",1415,,2020/03/25,2020/02/26,2020/06/25,,60220039693,17163.95/0,
"Lapinus, Rockwool B.V.","Rane Brake Lining Ltd","Corina Hendriks"," RB 250  RBC 300  Promaxon D ",250025002100,163613090,2020/03/06,2020/02/25,2020/03/06,7262437,480014628548001462854800146285,0/14819,
"Lapinus, Rockwool B.V.","Mat Brakes India Pvt. Ltd.","Corina Hendriks"," Promaxon D ",630,,2020/03/11,2020/02/20,2020/03/11,,"5200027248 ",0/2589.3,
"Lapinus, Rockwool B.V.","Roulunds Braking India Pvt. Ltd.","Corina Hendriks"," RB 250  RB 215 ELS ",212503000,,2020/03/16,2020/02/20,2020/03/16,,52000271865200027190,0/52227,
"Lapinus, Rockwool B.V.","Brake Parts India","Corina Hendriks"," Promaxon D ",2100,,2020/03/19,2020/02/19,2020/03/19,,60220039613,0/9303,
"Sterling Fibers","Brake Parts India",," CFF V125-1 ",1304,,2020/03/31,2020/02/17,2020/06/17,,60220039556,15817.52/0,
"Lapinus, Rockwool B.V.","Brakes India","Corina Hendriks"," RB 250 ",4375,,2020/04/02,2020/02/14,2020/04/02,,NA,0/8645.44,
"Lapinus, Rockwool B.V.","Rane Brake Lining Ltd","Corina Hendriks"," RB 250  RBC 300  Promaxon D ",375031251890,163611234,2020/03/03,2020/02/12,2020/03/03,7240717,480014584448001458444800145844,0/17110.85,
"Lapinus, Rockwool B.V.","Roulunds Braking India Pvt. Ltd.","Corina Hendriks"," RB 250 ",25000,,2020/02/28,2020/02/12,2020/02/28,,"5200027112 ",0/48900,
"Lapinus, Rockwool B.V.","Mat Brakes India Pvt. Ltd.","Corina Hendriks"," RB 215 ",500,,2020/02/18,2020/02/10,2020/02/18,,5200027107,0/1320.5,
"Sterling Fibers","Benara Udyog Ltd",," CFF V110-1 ",354,,2020/02/20,2020/02/10,2020/04/22,30196,NA,4683.42/0,
"Lapinus, Rockwool B.V.","Mat Brakes India Pvt. Ltd.","Corina Hendriks"," RBC 100 ",625,,2020/02/14,2020/02/10,2020/02/14,,"5200027095 ",0/866.25,
"Sterling Fibers","Mat Brakes India Pvt. Ltd.",," CFF V110-1 ",1239,,2020/02/20,2020/02/10,2020/04/22,30193,5200027109,16391.97/0,
"Lapinus, Rockwool B.V.","Asian Paints PPG Pvt Ltd.","Corina Hendriks"," CF 10 ",500,,2020/02/13,2020/02/05,2020/02/13,7219784,13087518,0/1125,
"Lapinus, Rockwool B.V.","Danblock Brakes India Pvt. Ltd.","Corina Hendriks"," LFC 301 ",25000,,2020/02/17,2020/02/04,2020/02/17,,5200027051,0/17050,
"Procotex Corporation SA","Mat Brakes India Pvt. Ltd.",," AR 7302 ",240,,2020/03/12,2020/01/30,2020/02/12,,"5200026969 ",0/3300,
"Lapinus, Rockwool B.V.","Mat Brakes India Pvt. Ltd.","Corina Hendriks"," RBC 100 ",3125,,2020/02/10,2020/01/30,2020/02/10,7208293,"5200026985 ",0/4331.25,
"Sterling Fibers","Masu Brake Pads Pvt. Ltd.",," CFF V110-1 ",1062,,2020/02/07,2020/01/27,2020/03/27,,NA,14050.26/0,
"Lapinus, Rockwool B.V.","Brake Parts India","Corina Hendriks"," Promaxon D ",2100,,2020/01/31,2020/01/22,2020/01/31,,60220039152,0/9303,
"Lapinus, Rockwool B.V.","Allied JB Friction Pvt. Ltd.","Corina Hendriks"," RB 250  RB 240  RB 220 ELS ",62528004800,,2020/02/05,2020/01/15,2020/02/05,,190033231900332319003323,0/25711.75,
"Lapinus, Rockwool B.V.","Brakes India","Corina Hendriks"," RB 250 ",3750,,2020/03/10,2020/01/14,2020/03/10,,NA,0/7410.38,
"Lapinus, Rockwool B.V.","Rane Brake Lining Ltd","Corina Hendriks"," RB 250  RBC 300  Promaxon D ",312531251680,,2020/01/31,2020/01/12,2020/01/31,,480014485248001448524800144852,0/15083.95,
"Lapinus, Rockwool B.V.","Roulunds Braking India Pvt. Ltd.","Corina Hendriks"," RB 250  RB 215 ELS ",212503000,,2020/01/31,2020/01/12,2020/01/31,,52000267905200026793,0/52227,
"Lapinus, Rockwool B.V.","Sundaram Brake Lining Ltd","Corina Hendriks"," RB 250  RB 220  Promaxon D ",100001200210,,2020/01/31,2020/01/12,2020/01/31,,NANANA,0/22524.26,
"Sterling Fibers","Brake Parts India",," CFF V110-1 ",1415,,2020/01/27,2020/01/07,2020/04/14,,60220038910,17163.95/0,
"Lapinus, Rockwool B.V.","Brake Parts India","Corina Hendriks"," RB 210  Promaxon D ",20002100,,2020/01/20,2020/01/06,2020/01/20,,6022003884560220038845,0/16423,
"Procotex Corporation SA","Banco Products (India) Limited",," AR 7318 ",2640,,2020/02/05,2019/12/31,2020/04/14,SO/19/00323,1130015074,0/40920,
"Sterling Fibers","Brake Parts India",," CFF V125-1 ",1306,,2020/01/23,2019/12/23,2020/03/30,,60220038581,15841.78/0,15840
"Lapinus, Rockwool B.V.","Brakes India","Corina Hendriks"," RB 250 ",3125,,2020/02/12,2019/12/18,2020/02/13,,5700002881,0/6175.31,
"Sterling Fibers","Roulunds Braking India Pvt. Ltd.",," CFF V110-1 ",2833,,2020/01/07,2019/12/17,2020/03/10,,5200026620,37480.59/0,
"Lapinus, Rockwool B.V.","Brake Parts India","Corina Hendriks"," Promaxon D ",2100,,2020/01/21,2019/12/17,2020/01/21,,60220038474,0/9303,
"Itaprochim SRL","Super Circle Auto Limited",," Potassium Titanate 45  Zirconium Silicate ",10001000,,2019/12/19,2019/12/10,2019/12/18,,NANA,8120/0,
"Lapinus, Rockwool B.V.","Rane Brake Lining Ltd","Corina Hendriks"," Promaxon D ",420,,2019/12/12,2019/12/09,2019/12/12,,NA,0/1528.8,
"Lapinus, Rockwool B.V.","Rane Brake Lining Ltd","Corina Hendriks"," RB 250  RBC 300  Promaxon D ",312525002310,,2019/12/19,2019/12/03,2019/12/19,,NANANA,0/16845.9,
"Lapinus, Rockwool B.V.","Danblock Brakes India Pvt. Ltd.","Corina Hendriks"," LFC 301  Promaxon D ",23125630,,2020/01/09,2019/11/29,2020/01/09,7100991,52000267655200026757,0/18360.55,
"Lapinus, Rockwool B.V.","Roulunds Braking India Pvt. Ltd.","Corina Hendriks"," RB 250  RB 215 ELS ",212503000,163600116,2020/01/03,2019/11/29,2020/01/03,7101171,52000264735200026525,0/52227,
"Lapinus, Rockwool B.V.","Super Circle Auto Limited","Corina Hendriks"," RB 250  RBC 300 ",187510625,,2019/12/17,2019/11/27,2019/12/17,,NANA,0/13716.94,
"Lapinus, Rockwool B.V.","Danblock Brakes India Pvt. Ltd.","Corina Hendriks"," LFC 301 ",25000,163600115,2020/01/03,2019/11/27,2020/01/03,7095154,5200026477,0/17050,
"Sterling Fibers","Brake Parts India",," CFF V110-1 ",1415,,2020/01/07,2019/11/22,2020/03/27,,60220038081,17163.95/0,17160
"Lapinus, Rockwool B.V.","Sundaram Brake Lining Ltd","Corina Hendriks"," RB 250  RB 220 ",150007200,,2019/12/20,2019/11/22,2019/12/20,,NANA,0/44244.66,
"Procotex Corporation SA","Mat Brakes India Pvt. Ltd.",," AR 7302 ",480,,2019/12/12,2019/11/20,2019/12/12,,52000026452,0/6600,
"Lapinus, Rockwool B.V.","Mat Brakes India Pvt. Ltd.","Corina Hendriks"," RB 215 ",500,,2019/12/06,2019/11/20,2019/12/06,,5200026455,0/1320.5,
"Procotex Corporation SA","Banco Products (India) Limited",," AR 7318 ",2640,,2019/12/06,2019/11/20,2020/02/06,,1130014905,0/40920,
"Procotex Corporation SA","Roulunds Braking India Pvt. Ltd.",," AR 7302 ",2640,,2019/11/29,2019/11/19,2020/01/29,,5200026200,0/36300,
"Lapinus, Rockwool B.V.","Allied JB Friction Pvt. Ltd.","Corina Hendriks"," RB 250  RB 240  RB 220 ELS ",375016004000,,2019/12/13,2019/11/14,2019/12/13,,190025811900258119002581,0/25982.5,
"Lapinus, Rockwool B.V.","Brakes India","Corina Hendriks"," RB 250 ",3750,,2020/01/03,2019/11/14,2020/01/03,,5700002881,0/7410.38,
"Lapinus, Rockwool B.V.","Rane Brake Lining Ltd","Corina Hendriks"," RB 250  RBC 300  Promaxon D ",125012502100,,2019/12/06,2019/11/11,2019/12/06,,480014267348001426734800142673,0/11231.5,
"Lapinus, Rockwool B.V.","Danblock Brakes India Pvt. Ltd.","Corina Hendriks"," LFC 301 ",25000,163567843,2019/11/20,2019/11/12,2019/11/20,7056765,5200026301,0/17050,
"Lapinus, Rockwool B.V.","Superlite Jointing Pvt Ltd","Corina Hendriks"," RBC 300 ",12500,,2019/11/15,2019/10/23,2019/11/06,,PO/00983/19-20,0/10625,
"Lapinus, Rockwool B.V.","Sundaram Brake Lining Ltd","Corina Hendriks"," RB 250  RB 220 ",25006400,,2019/11/15,2019/10/22,2019/11/15,,NANA,0/18685.67,
"Sterling Fibers","Brake Parts India",," CFF V125-1 ",1306,,2019/11/29,2019/10/15,2020/01/31,,60220037511,15841.78/0,15840
"Lapinus, Rockwool B.V.","Brake Parts India","Corina Hendriks"," Promaxon D ",2100,,2019/11/28,2019/10/15,2019/11/28,,60220037510,0/9305.1,
"Lapinus, Rockwool B.V.","Rane Brake Lining Ltd","Corina Hendriks"," RB 250  RBC 300 ",25002500,,2019/11/04,2019/10/14,2019/11/04,,48001417704800141770,0/7175,
"Lapinus, Rockwool B.V.","Roulunds Braking India Pvt. Ltd.","Corina Hendriks"," RB 250  RB 215 ELS ",212503000,163564765,2019/11/07,2019/10/09,2019/11/07,6983835,52000260635200026063,0/52227,
"Lapinus, Rockwool B.V.","ENDURANCE TECHNOLOGIES LIMITED","Corina Hendriks"," RB 293 ",400,163539639,2019/06/12,2019/06/04,2019/06/12,6398310,1800007143,0/756,
"Lapinus, Rockwool B.V.","Brakes India","Corina Hendriks"," RB 250 ",5000,,2019/12/12,2019/10/04,2019/12/12,,5700002881,0/9880.5,
"Lapinus, Rockwool B.V.","Danblock Brakes India Pvt. Ltd.","Corina Hendriks"," LFC 301 ",25000,163561198,2019/10/25,2019/10/04,2019/10/25,6973482,5200026076,0/17050,
"Sterling Fibers","Mat Brakes India Pvt. Ltd.",," CFF V110-1 ",2833,,2019/10/16,2019/09/30,2019/12/18,,5200026009,37480.59/0,
"Lapinus, Rockwool B.V.","Mat Brakes India Pvt. Ltd.","Corina Hendriks"," RBC 100 ",1250,,2019/10/11,2019/09/30,2019/10/11,,NA,0/1750,
"Lapinus, Rockwool B.V.","Roulunds Braking India Pvt. Ltd.","Corina Hendriks"," RB 250 ",25000,163560805,2019/10/18,2019/09/26,2019/10/18,6953197,5200025880,0/48900,
"Lapinus, Rockwool B.V.","Brake Parts India","Corina Hendriks"," Promaxon D ",2100,,2019/11/07,2019/09/26,2019/11/06,,60220037165,0/9303,
"Sterling Fibers","Brake Parts India",," CFF V110-1 ",1415,,2019/11/06,2019/09/23,2020/01/23,,60220037048,17163.95/0,
"Lapinus, Rockwool B.V.","Danblock Brakes India Pvt. Ltd.","Corina Hendriks"," LFC 301 ",25000,163556536,2019/10/03,2019/09/18,2019/10/03,6933602,5200025972,0/17050,
"Lapinus, Rockwool B.V.","Asian Paints PPG Pvt Ltd.","Corina Hendriks"," CF 30 ",360,,2019/10/03,2019/09/17,2019/10/03,,NA,0/867.6,
"Lapinus, Rockwool B.V.","Allied JB Friction Pvt. Ltd.","Corina Hendriks"," RB 250  RB 240  RB 220 ELS ",125032004000,,2019/10/07,2019/09/17,2019/09/30,,190018061900180619001806,0/25087.5,
"Lapinus, Rockwool B.V.","Brakes India","Corina Hendriks"," RB 250 ",3125,,2019/11/12,2019/09/16,2019/11/12,,5700002881,0/6175.31,
"Lapinus, Rockwool B.V.","Brake Parts India","Corina Hendriks"," Promaxon D ",2100,,2019/10/30,2019/09/12,2019/10/30,,60220036908,0/9303,
"Sterling Fibers","Brake Parts India",," CFF V125-1 ",1306,,2019/10/23,2019/09/12,2020/01/08,,60220036909,15841.78/0,
"Lapinus, Rockwool B.V.","Rane Brake Lining Ltd","Corina Hendriks"," RB 250 ",5000,,2019/09/27,2019/09/11,2019/09/27,,4800141059,0/10100,
"Lapinus, Rockwool B.V.","Asian Paints PPG Pvt Ltd.","Corina Hendriks"," CF 10  CF 30 ",500360,,2019/09/24,2019/09/05,2019/09/24,,1308238718006653,0/1992.6,
"Lapinus, Rockwool B.V.","Benara Udyog Ltd","Corina Hendriks"," Promaxon D ",1260,,2019/09/19,2019/08/30,2019/09/19,,NA,0/5657.4,
"Sterling Fibers","Makino Automotive",," CFF V110-1 ",2833,,2019/09/05,2019/08/23,2019/09/05,,8719000002,37480.59/0,
"Sterling Fibers","Mat Brakes India Pvt. Ltd.",," CFF V110-1 ",2833,,2019/09/03,2019/08/20,2019/11/08,,5200025741,37480.59/0,
"Lapinus, Rockwool B.V.","Danblock Brakes India Pvt. Ltd.","Corina Hendriks"," LFC 301 ",25000,163548694,2019/08/29,2019/08/16,2019/08/29,6861446,5200025700,0/17050,
"Lapinus, Rockwool B.V.","Brake Parts India","Corina Hendriks"," Promaxon D ",2100,,2019/10/09,2019/08/14,2019/10/09,,60220036419,0/9303,
"Lapinus, Rockwool B.V.","Allied Nippon Ltd","Corina Hendriks"," RB 250 ",1875,,2019/08/30,2019/08/13,2019/08/19,,I9000285,0/3712.5,
"Lapinus, Rockwool B.V.","Allied Nippon Ltd","Corina Hendriks"," RB 250 ",1875,,2019/08/21,2019/08/13,2019/08/19,,I9000282,0/3712.5,
"NP Whisker","Allied Nippon Ltd",," NP M-02 ",1500,,2019/08/24,2019/08/13,2019/08/20,,I9000286,2100/0,
"NP Whisker","Allied Nippon Ltd",," NP M-02 ",1500,,2019/08/21,2019/08/13,2019/08/20,,I9000283,2100/0,
"Lapinus, Rockwool B.V.","Rane Brake Lining Ltd","Corina Hendriks"," RB 250  RB 220 ",3125800,,2019/09/03,2019/08/12,2019/09/03,,4800140130,0/8120.5,
"Lapinus, Rockwool B.V.","Allied JB Friction Pvt. Ltd.","Corina Hendriks"," RB 220 ELS ",3200,,2019/09/12,2019/08/12,2019/09/12,,19001467,0/11552,
"Procotex Corporation SA","Banco Products (India) Limited",," AR 7314  AR 7318 ",480480,,2019/08/23,2019/08/09,2019/10/29,,NANA,0/0,
"Sterling Fibers","Brake Parts India",," CFF V110-1  CFF V125-1 ",14151306,,2019/09/10,2019/08/08,2019/11/25,,6022003626860220036268,33005.73/0,
"Lapinus, Rockwool B.V.","Brake Parts India","Corina Hendriks"," Promaxon D ",2100,,2019/09/10,2019/08/08,2019/09/10,,60220036262,0/9303,
"Lapinus, Rockwool B.V.","Mat Brakes India Pvt. Ltd.","Corina Hendriks"," RB 220 ",1200,,2019/08/22,2019/08/07,2019/08/22,6843580,5200025682,0/3169.2,
"Lapinus, Rockwool B.V.","Super Circle Auto Limited","Corina Hendriks"," RB 250  RBC 300 ",43758125,,2019/08/22,2019/08/07,2019/08/22,6842314,NANA,0/16431.19,
"Sterling Fibers","Super Circle Auto Limited",," CFF V110-1 ",354,,2019/08/14,2019/08/06,2019/10/15,6842314,NA,4683.42/0,
"Lapinus, Rockwool B.V.","Brake Parts India","Corina Hendriks"," Promaxon D ",2100,,2019/08/26,2019/07/31,2019/07/31,6742601,60220036083,0/9303,
"Lapinus, Rockwool B.V.","Roulunds Braking India Pvt. Ltd.","Corina Hendriks"," RB 250  RB 215 ELS ",75003000,163545730,2019/08/12,2019/07/29,2019/08/12,6824349,5200025581,0/25332,
"Lapinus, Rockwool B.V.","Brake Parts India","Corina Hendriks"," Promaxon D ",2100,,2019/08/25,2019/07/24,2019/09/04,6742601,60220035895,0/9303,
"Lapinus, Rockwool B.V.","Superlite Jointing Pvt Ltd","Corina Hendriks"," RBC 300  RS 480 ",112501000,,2019/07/29,2019/07/23,2019/07/23,6602544,PO/00219/19-20PO/00219/19-20,0/11542.5,
"Sterling Fibers","Brake Parts India",," CFF V110-1  CFF V125-1 ",14151306,,2019/09/16,2019/07/23,2019/12/05,29390/91,6022003589760220035896,33005.73/0,
"Lapinus, Rockwool B.V.","Roulunds Braking India Pvt. Ltd.","Corina Hendriks"," RB 250  RB 215 ELS ",212503000,163544758,2019/08/09,2019/07/23,2019/08/09,6811671,52000255245200025524,0/52227,
"Sterling Fibers","Brake Parts India",," CFF V125-1 ",1306,,2019/08/15,2019/07/22,2019/10/31,,60220035373,15841.78/0,
"NP Whisker","Roulunds Braking India Pvt. Ltd.",," NP M-02 ",1500,,2019/08/08,2019/07/19,2019/09/27,,5200025521,2100/0,
"Lapinus, Rockwool B.V.","Danblock Brakes India Pvt. Ltd.","Corina Hendriks"," Promaxon D ",630,163546056,2019/08/06,2019/07/18,2019/07/18,6804402,5200025505,0/2589.3,
"Lapinus, Rockwool B.V.","Danblock Brakes India Pvt. Ltd.","Corina Hendriks"," LFC 301 ",25000,163545602,2019/08/05,2019/07/18,2019/08/05,6801283,5200025549,0/17050,
"Lapinus, Rockwool B.V.","Rane Brake Lining Ltd","Corina Hendriks"," RB 250 ",3125,,2019/08/02,2019/07/14,2019/08/02,6792905,4800139080,0/6312.5,
"NP Whisker","Roulunds Braking India Pvt. Ltd.",," NP M-02 ",750,,2019/07/25,2019/07/12,2019/09/04,,5200025474,1050/0,
"Lapinus, Rockwool B.V.","Brakes India","Corina Hendriks"," RB 250 ",1250,,2019/09/09,2019/07/09,2019/09/09,6793017,5700002881,0/2470.13,
"Lapinus, Rockwool B.V.","Sundaram Brake Lining Ltd","Corina Hendriks"," RB 250  RB 220 ",25006400,,2019/08/01,2019/07/08,2019/08/01,6776720,NA,0/18685.67,
"Lapinus, Rockwool B.V.","Roulunds Braking India Pvt. Ltd.","Corina Hendriks"," RB 250  RB 215 ELS ",212503000,163541897,2019/07/18,2019/07/03,2019/07/18,6766793,52000254145200025361,0/52227,
"Lapinus, Rockwool B.V.","Danblock Brakes India Pvt. Ltd.","Corina Hendriks"," RB 215 ELS ",1500,,2019/07/05,2019/06/26,2019/07/05,6752893,5200025404,0/5331,
"Lapinus, Rockwool B.V.","Danblock Brakes India Pvt. Ltd.","Corina Hendriks"," LFC 301 ",25000,,2019/07/29,2019/06/26,2019/07/29,6751179,5200025370,0/17050,
"Lapinus, Rockwool B.V.","Danblock Brakes India Pvt. Ltd.","Corina Hendriks"," LFC 301 ",25000,,2019/07/15,2019/06/26,2019/07/15,6751166,5200025369,0/17050,
"Lapinus, Rockwool B.V.","Roulunds Braking India Pvt. Ltd.","Corina Hendriks"," RB 250 ",12500,,2019/07/05,2019/06/21,2019/07/05,6742584,5200025316,0/24450,
"Sterling Fibers","Brake Parts India",," CFF V110-1 ",1415,,2019/07/29,2019/06/21,2019/10/23,,60220035373,17163.95/0,
"Lapinus, Rockwool B.V.","Brake Parts India","Corina Hendriks"," Promaxon D ",2100,,2019/09/11,2019/06/21,2019/09/11,6742601,60220035371,0/9305.1,
"Lapinus, Rockwool B.V.","Brake Parts India","Corina Hendriks"," Promaxon D ",2940,,2019/08/20,2019/06/17,2019/08/20,6732848,60220035242,0/13024.2,
"Lapinus, Rockwool B.V.","Brakes India","Corina Hendriks"," RB 250 ",1875,,2019/08/08,2019/06/17,2019/08/08,6733978,5700002881,0/3705.19,
"Lapinus, Rockwool B.V.","Rane Brake Lining Ltd","Corina Hendriks"," RB 250  Promaxon D  RB 220 ",1250630800,,2019/07/05,2019/06/12,2019/07/05,6721752,4800138075,0/6626.2,
"Sterling Fibers","Makino Automotive",," CFF V110-1 ",1062,,2019/06/13,2019/06/06,2020/08/19,,8718000006,14050.26/0,
"Lapinus, Rockwool B.V.","Mat Brakes India Pvt. Ltd.","Corina Hendriks"," RB 250  LFC 301 ",62506250,,2019/06/26,2019/06/04,2019/06/26,6707885,52000252525200025252,0/16487.5,
"Sterling Fibers","Benara Udyog Ltd",," CFF V110-1 ",354,,2019/08/14,2019/06/04,2020/08/19,,NA,4683.42/0,
"Sterling Fibers","Roulunds Braking India Pvt. Ltd.",," CFF V110-1 ",1062,,2019/08/16,2019/06/04,2020/08/19,29184,5200025224,14050.26/0,14040
"NP Whisker","Roulunds Braking India Pvt. Ltd.",," NP M-02 ",750,,2019/06/21,2019/06/03,2020/08/19,,5200025177,1050/0,
"Lapinus, Rockwool B.V.","Brake Parts India","Corina Hendriks"," Promaxon D ",2100,,2019/07/19,2019/05/30,2019/07/19,6699426,60220034963,0/9303,
"Lapinus, Rockwool B.V.","Roulunds Braking India Pvt. Ltd.","Corina Hendriks"," RB 250  LFC 301  RB 215 ELS ",1250062501000,,2019/06/13,2019/05/30,2019/06/13,6699487,520002511352000251135200025113,0/32266.5,
"Sterling Fibers","Brake Parts India",," CFF V125-1 ",1306,,2019/08/06,2019/05/27,2020/08/19,,60220034964,15841.78/0,
"Lapinus, Rockwool B.V.","Mat Brakes India Pvt. Ltd.","Corina Hendriks"," RB 250  LFC 301  RB 220 ",562550001200,,2019/06/12,2019/05/24,2020/08/19,,520002515052000251505200025151,0/17581.7,
"Lapinus, Rockwool B.V.","Danblock Brakes India Pvt. Ltd.","Corina Hendriks"," LFC 301 ",12500,,2019/06/10,2019/05/17,2020/08/19,,5200025097,0/8525,
"Sterling Fibers","Brake Parts India",," CFF V125-1 ",1415,28605-1,2019/04/10,2019/02/13,2020/08/19,28605,60220032772,17163.95/0,17160
"Sterling Fibers","Brake Parts India",," CFF V110-1 ",1415,28573-1,2019/01/10,2019/01/10,2020/08/19,28573,60220032594,17163.95/0,17160
"Sterling Fibers","Brake Parts India",," CFF V110-1  CFF V125-1 ",42451306,28894-1,2019/06/18,2019/04/30,2020/08/19,28894,60220339696022033969,67333.63/0,67320
"Sterling Fibers","Brake Parts India",," CFF V110-1 ",1415,28866-1,2019/06/22,2019/03/28,2020/08/19,28866,6022033849,17163.95/0,17160
"Sterling Fibers","Brake Parts India",," CFF V125-1 ",1306,28776-1,2019/05/21,2019/03/05,2020/08/19,28776,6022033404,15841.78/0,15840
"Lapinus, Rockwool B.V.","Super Circle Auto Limited","Corina Hendriks"," RB 250  RBC 300 ",250010000,,2019/04/19,2019/04/03,2020/08/19,6550755,NANA,0/14395.5,
"Lapinus, Rockwool B.V.","Brakes India","Corina Hendriks"," RB 250 ",3750,,2019/07/08,2019/05/11,2019/07/08,,5700002881,0/7410.38,
"Lapinus, Rockwool B.V.","Rane Brake Lining Ltd","Corina Hendriks"," RB 250  RBC 300  Promaxon D ",12506253150,,2019/06/05,2019/05/10,2020/08/19,,480013707448001370744800137074,0/14522.25,
"Lapinus, Rockwool B.V.","Sundaram Brake Lining Ltd","Corina Hendriks"," RB 250  RB 220 ",156256800,,2019/06/06,2019/05/10,2020/08/19,6649345,NANA,0/44565.48,
"Lapinus, Rockwool B.V.","Mat Brakes India Pvt. Ltd.","Corina Hendriks"," RB 250  LFC 301  RB 220 ",56256250400,,2019/05/21,2019/05/08,2020/08/19,6642456,520002501652000250165200025017,0/16321.4,
"Lapinus, Rockwool B.V.","Brake Parts India","Corina Hendriks"," Promaxon D ",2100,163521535,2019/04/12,2019/03/26,2020/08/19,6555276,60220033698,0/9303,
"Lapinus, Rockwool B.V.","Roulunds Braking India Pvt. Ltd.","Corina Hendriks"," RB 250 ",12500,,2019/04/22,2019/04/01,2020/08/19,6568544,5200024630,0/24500,
"Lapinus, Rockwool B.V.","Danblock Brakes India Pvt. Ltd.","Corina Hendriks"," RB 250  LFC 301 ",625012500,,2019/05/13,2019/04/05,2020/08/19,,52000249705200024688,0/20750,
"Lapinus, Rockwool B.V.","Mat Brakes India Pvt. Ltd.","Corina Hendriks"," LFC 301  RB 220 ",11250400,,2019/04/22,2019/04/05,2020/08/19,,52000247405200024817,0/8706,
"Lapinus, Rockwool B.V.","Roulunds Braking India Pvt. Ltd.","Corina Hendriks"," LFC 301  RB 215 ELS ",62505000,,2019/04/25,2019/04/09,2020/08/19,6579343,52000247725200024677,0/22000,
"Lapinus, Rockwool B.V.","Rane Brake Lining Ltd","Corina Hendriks"," RB 250  RBC 300  Promaxon D ",250012501890,,2019/04/10,2019/05/03,2020/08/19,,3000-48001360803000-48001360803000-4800136080,0/12992.1,
"Lapinus, Rockwool B.V.","Roulunds Braking India Pvt. Ltd.","Corina Hendriks"," RB 250 ",12500,,2019/05/03,2019/04/15,2020/08/19,6599646,5200024787,0/24500,
"Lapinus, Rockwool B.V.","Brakes India","Corina Hendriks"," RB 250 ",5000,,2019/06/12,2019/04/22,2019/06/12,,5700002881,0/9880.5,
"Lapinus, Rockwool B.V.","Rane Brake Lining Ltd","Corina Hendriks"," RB 250  RBC 300  Promaxon D ",250025001260,,2019/03/05,2019/02/13,2020/08/19,6463866,480013372448001337244800133724,0/11496.8,
"Lapinus, Rockwool B.V.","Danblock Brakes India Pvt. Ltd.","Corina Hendriks"," LFC 301 ",12500,,2019/03/25,2019/02/14,2020/08/19,,5200024414,0/8500,
"Lapinus, Rockwool B.V.","Mat Brakes India Pvt. Ltd.","Corina Hendriks"," RB 215  LFC 301  RB 220 ",100093751200,,2019/02/20,2019/02/13,2020/08/19,6458378,520002438652000243855200024387,0/12183,
"Lapinus, Rockwool B.V.","Brakes India","Corina Hendriks"," RB 250 ",3125,,2019/04/08,2019/02/14,2019/04/08,6469712,5700002881,0/6187.5,
"Lapinus, Rockwool B.V.","Brakes India","Corina Hendriks"," RB 250 ",3750,,2019/02/06,2019/01/15,2020/08/19,6375200,5700002881,0/7425,
"Lapinus, Rockwool B.V.","Rane Brake Lining Ltd","Corina Hendriks"," RB 250  RBC 300  Promaxon D  RB 220 ",31253125630800,163500348,2019/01/04,2019/01/03,2020/08/19,6367222,4800132722480013272248001327224800132722,0/12937.65,
"Lapinus, Rockwool B.V.","Benara Udyog Ltd","Corina Hendriks"," Promaxon D ",1260,163503988,2019/02/05,2019/01/23,2020/08/19,6405590,NA,0/5657.4,
"Lapinus, Rockwool B.V.","Roulunds Braking India Pvt. Ltd.","Corina Hendriks"," LFC 301  RB 215 ELS ",62503000,,2019/02/06,2019/01/15,2019/02/06,6412306,5200024280520024302,0/14915.63,
"Lapinus, Rockwool B.V.","Brake Parts India","Corina Hendriks"," RB 210  Promaxon D ",20002100,,2019/01/09,2019/01/02,2020/08/19,6372783,60220032214,0/16780,
"Lapinus, Rockwool B.V.","Roulunds Braking India Pvt. Ltd.","Corina Hendriks"," RB 250  LFC 301 ",31256250,,2019/01/10,2019/01/02,2020/08/19,6383710,52000240765200024076,0/10362.5,
